latitude,longitude,gs,TrueTrack,date,time
35.294327,136.254715,0.5,26,2024-07-27,10:05:37
35.294327,136.254715,0.4,26,2024-07-27,10:05:38
35.294327,136.254730,0.4,26,2024-07-27,10:05:39
35.294323,136.254730,0.1,26,2024-07-27,10:05:40
35.294323,136.254730,0.4,26,2024-07-27,10:05:41
35.294323,136.254730,0.3,26,2024-07-27,10:05:42
35.294323,136.254730,0.5,26,2024-07-27,10:05:43
35.294319,136.254730,1.0,103,2024-07-27,10:05:44
35.294315,136.254745,1.2,107,2024-07-27,10:05:45
35.294315,136.254745,1.4,100,2024-07-27,10:05:46
35.294315,136.254761,1.7,101,2024-07-27,10:05:47
35.294315,136.254776,1.8,101,2024-07-27,10:05:48
35.294312,136.254776,1.6,99,2024-07-27,10:05:49
35.294312,136.254791,1.3,96,2024-07-27,10:05:50
35.294312,136.254791,0.8,222,2024-07-27,10:05:51
35.294308,136.254791,1.4,254,2024-07-27,10:05:52
35.294308,136.254776,1.7,266,2024-07-27,10:05:53
35.294312,136.254761,1.8,283,2024-07-27,10:05:54
35.294312,136.254745,2.7,299,2024-07-27,10:05:55
35.294315,136.254700,3.5,302,2024-07-27,10:05:56
35.294327,136.254700,3.7,303,2024-07-27,10:05:57
35.294334,136.254669,3.5,304,2024-07-27,10:05:58
35.294350,136.254639,3.6,311,2024-07-27,10:05:59
35.294361,136.254639,3.8,314,2024-07-27,10:06:00
35.294380,136.254623,6.0,316,2024-07-27,10:06:01
35.294407,136.254593,8.1,321,2024-07-27,10:06:02
35.294445,136.254562,10.1,325,2024-07-27,10:06:03
35.294487,136.254547,11.4,324,2024-07-27,10:06:04
35.294533,136.254501,12.5,328,2024-07-27,10:06:05
35.294586,136.254471,13.1,329,2024-07-27,10:06:06
35.294636,136.254425,13.7,327,2024-07-27,10:06:07
35.294689,136.254379,14.5,320,2024-07-27,10:06:08
35.294731,136.254303,15.1,313,2024-07-27,10:06:09
35.294777,136.254257,14.4,309,2024-07-27,10:06:10
35.294819,136.254196,13.1,309,2024-07-27,10:06:11
35.294849,136.254150,11.7,309,2024-07-27,10:06:12
35.294891,136.254089,11.6,311,2024-07-27,10:06:13
35.294926,136.254044,12.1,310,2024-07-27,10:06:14
35.294964,136.253998,12.1,310,2024-07-27,10:06:15
35.295002,136.253922,12.6,309,2024-07-27,10:06:16
35.295036,136.253860,12.6,307,2024-07-27,10:06:17
35.295071,136.253815,11.7,307,2024-07-27,10:06:18
35.295109,136.253754,12.0,309,2024-07-27,10:06:19
35.295128,136.253693,11.4,307,2024-07-27,10:06:20
35.295155,136.253647,11.2,308,2024-07-27,10:06:21
35.295189,136.253601,10.8,310,2024-07-27,10:06:22
35.295223,136.253555,10.3,311,2024-07-27,10:06:23
35.295258,136.253510,10.7,311,2024-07-27,10:06:24
35.295288,136.253464,11.2,313,2024-07-27,10:06:25
35.295326,136.253433,11.5,308,2024-07-27,10:06:26
35.295364,136.253357,11.8,307,2024-07-27,10:06:27
35.295399,136.253311,12.8,304,2024-07-27,10:06:28
35.295429,136.253250,13.8,299,2024-07-27,10:06:29
35.295456,136.253174,14.8,294,2024-07-27,10:06:30
35.295486,136.253098,16.5,289,2024-07-27,10:06:31
35.295506,136.252991,18.1,285,2024-07-27,10:06:32
35.295525,136.252884,19.5,280,2024-07-27,10:06:33
35.295547,136.252762,19.9,276,2024-07-27,10:06:34
35.295559,136.252640,19.2,274,2024-07-27,10:06:35
35.295559,136.252548,17.8,274,2024-07-27,10:06:36
35.295563,136.252457,14.9,276,2024-07-27,10:06:37
35.295567,136.252380,13.8,279,2024-07-27,10:06:38
35.295578,136.252304,13.9,279,2024-07-27,10:06:39
35.295586,136.252228,14.1,278,2024-07-27,10:06:40
35.295597,136.252136,13.7,279,2024-07-27,10:06:41
35.295605,136.252060,13.4,281,2024-07-27,10:06:42
35.295620,136.251999,13.9,283,2024-07-27,10:06:43
35.295639,136.251907,14.8,282,2024-07-27,10:06:44
35.295658,136.251831,15.5,281,2024-07-27,10:06:45
35.295677,136.251724,16.7,281,2024-07-27,10:06:46
35.295700,136.251633,17.1,281,2024-07-27,10:06:47
35.295715,136.251526,17.0,282,2024-07-27,10:06:48
35.295731,136.251450,17.4,281,2024-07-27,10:06:49
35.295750,136.251343,17.4,280,2024-07-27,10:06:50
35.295765,136.251251,17.0,280,2024-07-27,10:06:51
35.295780,136.251160,16.1,280,2024-07-27,10:06:52
35.295788,136.251068,15.1,283,2024-07-27,10:06:53
35.295803,136.250992,15.6,283,2024-07-27,10:06:54
35.295822,136.250900,16.5,284,2024-07-27,10:06:55
35.295834,136.250809,16.8,282,2024-07-27,10:06:56
35.295849,136.250732,16.8,281,2024-07-27,10:06:57
35.295864,136.250641,17.2,280,2024-07-27,10:06:58
35.295883,136.250534,17.8,278,2024-07-27,10:06:59
35.295898,136.250427,17.8,277,2024-07-27,10:07:00
35.295902,136.250336,18.2,274,2024-07-27,10:07:01
35.295906,136.250229,17.9,270,2024-07-27,10:07:02
35.295906,136.250122,17.1,269,2024-07-27,10:07:03
35.295906,136.250015,16.9,266,2024-07-27,10:07:04
35.295902,136.249939,16.8,264,2024-07-27,10:07:05
35.295891,136.249847,17.3,262,2024-07-27,10:07:06
35.295883,136.249741,17.5,259,2024-07-27,10:07:07
35.295868,136.249634,17.3,256,2024-07-27,10:07:08
35.295849,136.249557,16.8,254,2024-07-27,10:07:09
35.295834,136.249466,16.5,255,2024-07-27,10:07:10
35.295818,136.249390,16.6,256,2024-07-27,10:07:11
35.295803,136.249283,17.1,256,2024-07-27,10:07:12
35.295784,136.249191,16.7,256,2024-07-27,10:07:13
35.295765,136.249100,16.4,257,2024-07-27,10:07:14
35.295746,136.249008,16.5,257,2024-07-27,10:07:15
35.295723,136.248917,17.1,257,2024-07-27,10:07:16
35.295704,136.248825,17.6,256,2024-07-27,10:07:17
35.295685,136.248718,17.6,256,2024-07-27,10:07:18
35.295666,136.248611,17.6,253,2024-07-27,10:07:19
35.295639,136.248520,16.9,251,2024-07-27,10:07:20
35.295616,136.248428,15.8,252,2024-07-27,10:07:21
35.295597,136.248352,14.5,254,2024-07-27,10:07:22
35.295582,136.248276,14.6,255,2024-07-27,10:07:23
35.295563,136.248184,14.4,257,2024-07-27,10:07:24
35.295547,136.248108,14.4,259,2024-07-27,10:07:25
35.295525,136.248016,14.6,257,2024-07-27,10:07:26
35.295509,136.247940,14.6,255,2024-07-27,10:07:27
35.295490,136.247864,14.6,257,2024-07-27,10:07:28
35.295471,136.247772,15.6,256,2024-07-27,10:07:29
35.295452,136.247696,15.6,255,2024-07-27,10:07:30
35.295433,136.247604,15.6,254,2024-07-27,10:07:31
35.295418,136.247528,16.0,252,2024-07-27,10:07:32
35.295399,136.247437,14.8,254,2024-07-27,10:07:33
35.295383,136.247360,14.1,253,2024-07-27,10:07:34
35.295364,136.247284,13.0,253,2024-07-27,10:07:35
35.295349,136.247223,11.9,257,2024-07-27,10:07:36
35.295341,136.247162,12.4,259,2024-07-27,10:07:37
35.295330,136.247086,12.8,262,2024-07-27,10:07:38
35.295322,136.247009,13.4,264,2024-07-27,10:07:39
35.295319,136.246933,14.0,265,2024-07-27,10:07:40
35.295315,136.246857,14.4,267,2024-07-27,10:07:41
35.295319,136.246780,15.1,268,2024-07-27,10:07:42
35.295319,136.246689,16.3,267,2024-07-27,10:07:43
35.295315,136.246597,16.9,265,2024-07-27,10:07:44
35.295307,136.246506,16.9,265,2024-07-27,10:07:45
35.295303,136.246414,15.7,265,2024-07-27,10:07:46
35.295300,136.246323,14.8,265,2024-07-27,10:07:47
35.295292,136.246246,14.2,266,2024-07-27,10:07:48
35.295288,136.246170,13.6,266,2024-07-27,10:07:49
35.295288,136.246094,13.4,266,2024-07-27,10:07:50
35.295284,136.246017,13.4,266,2024-07-27,10:07:51
35.295280,136.245926,13.8,267,2024-07-27,10:07:52
35.295277,136.245850,14.1,266,2024-07-27,10:07:53
35.295273,136.245773,14.2,267,2024-07-27,10:07:54
35.295273,136.245682,14.5,269,2024-07-27,10:07:55
35.295273,136.245605,14.6,268,2024-07-27,10:07:56
35.295277,136.245529,14.6,270,2024-07-27,10:07:57
35.295277,136.245438,14.4,269,2024-07-27,10:07:58
35.295277,136.245361,13.8,269,2024-07-27,10:07:59
35.295277,136.245300,12.4,267,2024-07-27,10:08:00
35.295273,136.245224,12.9,268,2024-07-27,10:08:01
35.295269,136.245148,13.4,268,2024-07-27,10:08:02
35.295269,136.245071,13.7,268,2024-07-27,10:08:03
35.295269,136.244995,13.4,268,2024-07-27,10:08:04
35.295269,136.244934,12.7,269,2024-07-27,10:08:05
35.295269,136.244858,13.1,272,2024-07-27,10:08:06
35.295269,136.244781,13.6,274,2024-07-27,10:08:07
35.295273,136.244705,14.1,274,2024-07-27,10:08:08
35.295280,136.244614,13.9,275,2024-07-27,10:08:09
35.295288,136.244537,13.6,276,2024-07-27,10:08:10
35.295288,136.244461,14.4,275,2024-07-27,10:08:11
35.295296,136.244385,14.8,274,2024-07-27,10:08:12
35.295303,136.244293,15.2,275,2024-07-27,10:08:13
35.295307,136.244217,15.3,272,2024-07-27,10:08:14
35.295311,136.244125,15.2,272,2024-07-27,10:08:15
35.295311,136.244034,14.4,270,2024-07-27,10:08:16
35.295311,136.243958,13.9,269,2024-07-27,10:08:17
35.295315,136.243881,13.4,272,2024-07-27,10:08:18
35.295315,136.243820,12.9,272,2024-07-27,10:08:19
35.295322,136.243744,12.4,276,2024-07-27,10:08:20
35.295326,136.243668,12.1,273,2024-07-27,10:08:21
35.295330,136.243591,11.7,276,2024-07-27,10:08:22
35.295338,136.243530,11.4,278,2024-07-27,10:08:23
35.295345,136.243469,10.8,279,2024-07-27,10:08:24
35.295353,136.243423,11.0,278,2024-07-27,10:08:25
35.295364,136.243347,11.8,278,2024-07-27,10:08:26
35.295368,136.243271,12.2,276,2024-07-27,10:08:27
35.295372,136.243210,12.6,276,2024-07-27,10:08:28
35.295383,136.243134,12.8,276,2024-07-27,10:08:29
35.295391,136.243057,13.2,276,2024-07-27,10:08:30
35.295403,136.242981,13.7,276,2024-07-27,10:08:31
35.295406,136.242905,13.5,277,2024-07-27,10:08:32
35.295422,136.242828,13.2,279,2024-07-27,10:08:33
35.295433,136.242752,13.0,281,2024-07-27,10:08:34
35.295448,136.242691,13.0,283,2024-07-27,10:08:35
35.295467,136.242615,12.9,285,2024-07-27,10:08:36
35.295486,136.242554,12.6,287,2024-07-27,10:08:37
35.295506,136.242477,12.5,289,2024-07-27,10:08:38
35.295525,136.242401,12.8,292,2024-07-27,10:08:39
35.295547,136.242340,12.6,293,2024-07-27,10:08:40
35.295574,136.242279,12.5,293,2024-07-27,10:08:41
35.295601,136.242218,12.3,293,2024-07-27,10:08:42
35.295624,136.242157,12.8,294,2024-07-27,10:08:43
35.295647,136.242096,12.4,293,2024-07-27,10:08:44
35.295666,136.242035,12.8,291,2024-07-27,10:08:45
35.295689,136.241959,13.0,290,2024-07-27,10:08:46
35.295712,136.241898,12.9,290,2024-07-27,10:08:47
35.295731,136.241821,12.9,286,2024-07-27,10:08:48
35.295746,136.241760,12.7,283,2024-07-27,10:08:49
35.295761,136.241684,12.2,280,2024-07-27,10:08:50
35.295769,136.241608,11.1,282,2024-07-27,10:08:51
35.295784,136.241547,10.2,283,2024-07-27,10:08:52
35.295795,136.241501,10.0,286,2024-07-27,10:08:53
35.295807,136.241440,9.9,286,2024-07-27,10:08:54
35.295822,136.241394,10.4,289,2024-07-27,10:08:55
35.295841,136.241333,10.5,292,2024-07-27,10:08:56
35.295860,136.241287,10.6,292,2024-07-27,10:08:57
35.295876,136.241226,10.9,295,2024-07-27,10:08:58
35.295902,136.241180,11.0,297,2024-07-27,10:08:59
35.295921,136.241119,11.8,296,2024-07-27,10:09:00
35.295944,136.241043,11.8,292,2024-07-27,10:09:01
35.295963,136.240982,12.0,291,2024-07-27,10:09:02
35.295982,136.240921,11.8,288,2024-07-27,10:09:03
35.296001,136.240875,11.4,289,2024-07-27,10:09:04
35.296021,136.240799,12.2,285,2024-07-27,10:09:05
35.296040,136.240738,13.2,283,2024-07-27,10:09:06
35.296059,136.240662,13.6,283,2024-07-27,10:09:07
35.296074,136.240585,14.2,282,2024-07-27,10:09:08
35.296097,136.240509,14.0,283,2024-07-27,10:09:09
35.296108,136.240433,13.0,281,2024-07-27,10:09:10
35.296124,136.240372,12.9,282,2024-07-27,10:09:11
35.296143,136.240311,13.2,283,2024-07-27,10:09:12
35.296158,136.240250,13.5,284,2024-07-27,10:09:13
35.296169,136.240173,13.3,286,2024-07-27,10:09:14
35.296192,136.240097,12.7,287,2024-07-27,10:09:15
35.296211,136.240036,13.1,289,2024-07-27,10:09:16
35.296230,136.239960,13.5,292,2024-07-27,10:09:17
35.296253,136.239914,12.4,293,2024-07-27,10:09:18
35.296276,136.239853,12.0,296,2024-07-27,10:09:19
35.296299,136.239777,12.0,297,2024-07-27,10:09:20
35.296326,136.239716,12.4,297,2024-07-27,10:09:21
35.296356,136.239655,12.8,296,2024-07-27,10:09:22
35.296383,136.239594,13.2,297,2024-07-27,10:09:23
35.296417,136.239532,13.7,296,2024-07-27,10:09:24
35.296440,136.239456,14.0,296,2024-07-27,10:09:25
35.296467,136.239380,13.4,294,2024-07-27,10:09:26
35.296494,136.239319,13.4,293,2024-07-27,10:09:27
35.296516,136.239243,12.8,291,2024-07-27,10:09:28
35.296539,136.239182,13.0,289,2024-07-27,10:09:29
35.296558,136.239105,13.8,288,2024-07-27,10:09:30
35.296577,136.239029,13.8,288,2024-07-27,10:09:31
35.296600,136.238953,14.0,289,2024-07-27,10:09:32
35.296623,136.238876,13.6,290,2024-07-27,10:09:33
35.296646,136.238800,13.3,290,2024-07-27,10:09:34
35.296669,136.238739,13.3,290,2024-07-27,10:09:35
35.296688,136.238663,13.3,289,2024-07-27,10:09:36
35.296711,136.238586,12.9,287,2024-07-27,10:09:37
35.296730,136.238510,13.4,284,2024-07-27,10:09:38
35.296745,136.238434,13.2,283,2024-07-27,10:09:39
35.296761,136.238358,13.3,281,2024-07-27,10:09:40
35.296772,136.238281,14.6,277,2024-07-27,10:09:41
35.296783,136.238205,15.4,276,2024-07-27,10:09:42
35.296791,136.238113,16.4,274,2024-07-27,10:09:43
35.296799,136.238022,16.0,272,2024-07-27,10:09:44
35.296799,136.237946,15.9,269,2024-07-27,10:09:45
35.296799,136.237854,15.9,266,2024-07-27,10:09:46
35.296791,136.237762,15.9,265,2024-07-27,10:09:47
35.296783,136.237671,16.5,263,2024-07-27,10:09:48
35.296772,136.237579,16.3,264,2024-07-27,10:09:49
35.296757,136.237473,16.5,263,2024-07-27,10:09:50
35.296745,136.237396,16.5,263,2024-07-27,10:09:51
35.296738,136.237305,16.1,262,2024-07-27,10:09:52
35.296722,136.237198,16.5,260,2024-07-27,10:09:53
35.296711,136.237106,16.5,257,2024-07-27,10:09:54
35.296692,136.237015,16.5,256,2024-07-27,10:09:55
35.296673,136.236923,16.2,255,2024-07-27,10:09:56
35.296654,136.236832,16.4,254,2024-07-27,10:09:57
35.296631,136.236755,17.4,253,2024-07-27,10:09:58
35.296608,136.236664,17.3,251,2024-07-27,10:09:59
35.296581,136.236557,17.0,250,2024-07-27,10:10:00
35.296555,136.236465,16.4,247,2024-07-27,10:10:01
35.296524,136.236374,16.9,245,2024-07-27,10:10:02
35.296494,136.236298,16.4,244,2024-07-27,10:10:03
35.296463,136.236221,15.7,244,2024-07-27,10:10:04
35.296432,136.236130,15.8,242,2024-07-27,10:10:05
35.296398,136.236053,16.0,242,2024-07-27,10:10:06
35.296364,136.235977,15.6,242,2024-07-27,10:10:07
35.296333,136.235901,15.3,243,2024-07-27,10:10:08
35.296303,136.235825,14.9,245,2024-07-27,10:10:09
35.296276,136.235748,14.9,247,2024-07-27,10:10:10
35.296249,136.235657,15.4,249,2024-07-27,10:10:11
35.296223,136.235580,15.8,246,2024-07-27,10:10:12
35.296196,136.235489,16.0,247,2024-07-27,10:10:13
35.296165,136.235413,16.2,247,2024-07-27,10:10:14
35.296143,136.235321,16.0,246,2024-07-27,10:10:15
35.296108,136.235245,15.9,245,2024-07-27,10:10:16
35.296082,136.235168,15.4,246,2024-07-27,10:10:17
35.296051,136.235092,15.8,246,2024-07-27,10:10:18
35.296021,136.235001,16.0,245,2024-07-27,10:10:19
35.295994,136.234924,16.1,245,2024-07-27,10:10:20
35.295963,136.234833,16.2,245,2024-07-27,10:10:21
35.295937,136.234756,15.6,245,2024-07-27,10:10:22
35.295906,136.234680,15.6,245,2024-07-27,10:10:23
35.295876,136.234604,15.6,245,2024-07-27,10:10:24
35.295845,136.234512,15.8,245,2024-07-27,10:10:25
35.295815,136.234436,15.8,245,2024-07-27,10:10:26
35.295784,136.234360,16.8,246,2024-07-27,10:10:27
35.295750,136.234268,17.1,246,2024-07-27,10:10:28
35.295715,136.234161,17.5,244,2024-07-27,10:10:29
35.295681,136.234085,17.2,245,2024-07-27,10:10:30
35.295647,136.233994,17.2,244,2024-07-27,10:10:31
35.295609,136.233902,16.6,243,2024-07-27,10:10:32
35.295574,136.233826,16.3,244,2024-07-27,10:10:33
35.295540,136.233749,15.9,243,2024-07-27,10:10:34
35.295509,136.233658,15.4,244,2024-07-27,10:10:35
35.295479,136.233582,15.2,245,2024-07-27,10:10:36
35.295448,136.233505,14.6,247,2024-07-27,10:10:37
35.295425,136.233429,14.5,248,2024-07-27,10:10:38
35.295399,136.233353,14.1,250,2024-07-27,10:10:39
35.295383,136.233276,13.6,255,2024-07-27,10:10:40
35.295364,136.233200,13.9,255,2024-07-27,10:10:41
35.295345,136.233124,14.0,256,2024-07-27,10:10:42
35.295330,136.233047,14.2,257,2024-07-27,10:10:43
35.295315,136.232971,14.3,258,2024-07-27,10:10:44
35.295303,136.232880,14.9,257,2024-07-27,10:10:45
35.295288,136.232803,14.7,258,2024-07-27,10:10:46
35.295277,136.232712,15.1,260,2024-07-27,10:10:47
35.295269,136.232635,15.1,259,2024-07-27,10:10:48
35.295258,136.232559,14.8,257,2024-07-27,10:10:49
35.295242,136.232468,14.7,257,2024-07-27,10:10:50
35.295227,136.232391,14.3,255,2024-07-27,10:10:51
35.295204,136.232315,14.2,251,2024-07-27,10:10:52
35.295185,136.232239,13.9,251,2024-07-27,10:10:53
35.295170,136.232162,14.4,253,2024-07-27,10:10:54
35.295147,136.232086,15.1,252,2024-07-27,10:10:55
35.295128,136.232010,15.1,253,2024-07-27,10:10:56
35.295109,136.231918,15.3,253,2024-07-27,10:10:57
35.295090,136.231842,15.0,253,2024-07-27,10:10:58
35.295071,136.231766,15.0,254,2024-07-27,10:10:59
35.295044,136.231689,14.9,252,2024-07-27,10:11:00
35.295025,136.231598,15.0,253,2024-07-27,10:11:01
35.295006,136.231522,14.9,253,2024-07-27,10:11:02
35.294987,136.231430,15.8,252,2024-07-27,10:11:03
35.294960,136.231354,16.2,251,2024-07-27,10:11:04
35.294933,136.231262,16.8,249,2024-07-27,10:11:05
35.294907,136.231171,16.5,251,2024-07-27,10:11:06
35.294880,136.231094,16.0,250,2024-07-27,10:11:07
35.294849,136.231003,16.0,250,2024-07-27,10:11:08
35.294827,136.230911,15.9,250,2024-07-27,10:11:09
35.294804,136.230820,15.5,251,2024-07-27,10:11:10
35.294777,136.230728,15.5,251,2024-07-27,10:11:11
35.294750,136.230652,15.7,250,2024-07-27,10:11:12
35.294727,136.230560,15.9,251,2024-07-27,10:11:13
35.294704,136.230484,15.1,251,2024-07-27,10:11:14
35.294682,136.230392,14.3,252,2024-07-27,10:11:15
35.294659,136.230316,13.9,251,2024-07-27,10:11:16
35.294640,136.230255,13.9,252,2024-07-27,10:11:17
35.294624,136.230179,13.9,254,2024-07-27,10:11:18
35.294605,136.230103,13.9,255,2024-07-27,10:11:19
35.294590,136.230026,13.9,257,2024-07-27,10:11:20
35.294571,136.229950,14.1,257,2024-07-27,10:11:21
35.294556,136.229874,14.4,257,2024-07-27,10:11:22
35.294544,136.229782,14.7,258,2024-07-27,10:11:23
35.294533,136.229706,14.6,260,2024-07-27,10:11:24
35.294521,136.229630,14.2,261,2024-07-27,10:11:25
35.294514,136.229553,13.9,260,2024-07-27,10:11:26
35.294498,136.229477,13.9,260,2024-07-27,10:11:27
35.294491,136.229401,13.7,261,2024-07-27,10:11:28
35.294483,136.229324,14.1,261,2024-07-27,10:11:29
35.294472,136.229248,14.0,262,2024-07-27,10:11:30
35.294468,136.229172,14.1,262,2024-07-27,10:11:31
35.294456,136.229095,13.6,261,2024-07-27,10:11:32
35.294449,136.229019,14.3,257,2024-07-27,10:11:33
35.294434,136.228943,14.3,258,2024-07-27,10:11:34
35.294418,136.228867,14.6,257,2024-07-27,10:11:35
35.294407,136.228775,14.3,259,2024-07-27,10:11:36
35.294395,136.228699,14.3,257,2024-07-27,10:11:37
35.294380,136.228622,14.4,258,2024-07-27,10:11:38
35.294369,136.228546,14.1,261,2024-07-27,10:11:39
35.294357,136.228470,14.3,260,2024-07-27,10:11:40
35.294350,136.228378,14.8,261,2024-07-27,10:11:41
35.294338,136.228302,14.6,262,2024-07-27,10:11:42
35.294331,136.228210,14.6,263,2024-07-27,10:11:43
35.294327,136.228134,13.9,265,2024-07-27,10:11:44
35.294319,136.228058,13.9,266,2024-07-27,10:11:45
35.294315,136.227982,13.5,266,2024-07-27,10:11:46
35.294315,136.227905,13.7,267,2024-07-27,10:11:47
35.294312,136.227829,12.9,267,2024-07-27,10:11:48
35.294312,136.227753,12.9,267,2024-07-27,10:11:49
35.294308,136.227676,12.4,267,2024-07-27,10:11:50
35.294304,136.227615,12.4,266,2024-07-27,10:11:51
35.294300,136.227539,12.4,264,2024-07-27,10:11:52
35.294292,136.227463,12.3,263,2024-07-27,10:11:53
35.294285,136.227386,12.3,264,2024-07-27,10:11:54
35.294281,136.227325,13.0,265,2024-07-27,10:11:55
35.294277,136.227249,13.4,266,2024-07-27,10:11:56
35.294273,136.227173,13.0,265,2024-07-27,10:11:57
35.294273,136.227097,13.0,266,2024-07-27,10:11:58
35.294270,136.227036,13.0,267,2024-07-27,10:11:59
35.294270,136.226959,12.9,268,2024-07-27,10:12:00
35.294266,136.226898,13.2,270,2024-07-27,10:12:01
35.294270,136.226822,13.6,272,2024-07-27,10:12:02
35.294273,136.226746,13.7,271,2024-07-27,10:12:03
35.294273,136.226669,13.9,272,2024-07-27,10:12:04
35.294277,136.226593,13.7,271,2024-07-27,10:12:05
35.294277,136.226501,14.1,272,2024-07-27,10:12:06
35.294277,136.226425,14.1,272,2024-07-27,10:12:07
35.294281,136.226349,14.1,272,2024-07-27,10:12:08
35.294285,136.226257,14.4,271,2024-07-27,10:12:09
35.294285,136.226181,13.8,272,2024-07-27,10:12:10
35.294292,136.226105,13.2,273,2024-07-27,10:12:11
35.294296,136.226028,13.2,273,2024-07-27,10:12:12
35.294300,136.225952,12.9,272,2024-07-27,10:12:13
35.294304,136.225876,12.6,271,2024-07-27,10:12:14
35.294308,136.225800,12.5,272,2024-07-27,10:12:15
35.294308,136.225739,12.6,270,2024-07-27,10:12:16
35.294308,136.225662,12.4,268,2024-07-27,10:12:17
35.294304,136.225601,12.3,268,2024-07-27,10:12:18
35.294296,136.225525,12.3,265,2024-07-27,10:12:19
35.294292,136.225464,12.1,263,2024-07-27,10:12:20
35.294285,136.225388,11.8,263,2024-07-27,10:12:21
35.294277,136.225327,11.6,262,2024-07-27,10:12:22
35.294266,136.225250,12.0,261,2024-07-27,10:12:23
35.294254,136.225189,12.5,259,2024-07-27,10:12:24
35.294243,136.225113,13.3,259,2024-07-27,10:12:25
35.294228,136.225037,13.3,258,2024-07-27,10:12:26
35.294212,136.224976,13.3,257,2024-07-27,10:12:27
35.294197,136.224884,14.3,255,2024-07-27,10:12:28
35.294182,136.224808,14.9,255,2024-07-27,10:12:29
35.294159,136.224731,15.1,254,2024-07-27,10:12:30
35.294140,136.224640,15.4,255,2024-07-27,10:12:31
35.294121,136.224564,15.3,255,2024-07-27,10:12:32
35.294106,136.224472,15.2,255,2024-07-27,10:12:33
35.294090,136.224396,15.2,256,2024-07-27,10:12:34
35.294071,136.224319,15.4,256,2024-07-27,10:12:35
35.294056,136.224228,15.4,255,2024-07-27,10:12:36
35.294037,136.224152,15.0,256,2024-07-27,10:12:37
35.294025,136.224060,14.7,258,2024-07-27,10:12:38
35.294014,136.223984,14.1,259,2024-07-27,10:12:39
35.294003,136.223907,13.7,260,2024-07-27,10:12:40
35.293995,136.223831,13.8,260,2024-07-27,10:12:41
35.293991,136.223770,12.9,260,2024-07-27,10:12:42
35.293983,136.223694,12.7,262,2024-07-27,10:12:43
35.293976,136.223618,13.1,262,2024-07-27,10:12:44
35.293968,136.223557,13.1,263,2024-07-27,10:12:45
35.293961,136.223480,13.4,262,2024-07-27,10:12:46
35.293953,136.223404,13.6,261,2024-07-27,10:12:47
35.293945,136.223312,14.1,260,2024-07-27,10:12:48
35.293934,136.223236,14.6,260,2024-07-27,10:12:49
35.293919,136.223160,14.9,258,2024-07-27,10:12:50
35.293903,136.223083,15.0,257,2024-07-27,10:12:51
35.293884,136.222992,15.3,255,2024-07-27,10:12:52
35.293865,136.222916,15.2,254,2024-07-27,10:12:53
35.293842,136.222824,15.0,252,2024-07-27,10:12:54
35.293819,136.222748,14.7,252,2024-07-27,10:12:55
35.293800,136.222672,14.3,252,2024-07-27,10:12:56
35.293785,136.222595,13.3,254,2024-07-27,10:12:57
35.293766,136.222519,13.0,253,2024-07-27,10:12:58
35.293751,136.222458,13.4,254,2024-07-27,10:12:59
35.293739,136.222382,13.1,257,2024-07-27,10:13:00
35.293720,136.222305,13.5,255,2024-07-27,10:13:01
35.293713,136.222229,13.1,258,2024-07-27,10:13:02
35.293697,136.222153,13.3,258,2024-07-27,10:13:03
35.293686,136.222076,13.4,258,2024-07-27,10:13:04
35.293678,136.222015,13.1,259,2024-07-27,10:13:05
35.293667,136.221939,12.9,260,2024-07-27,10:13:06
35.293659,136.221878,12.6,262,2024-07-27,10:13:07
35.293659,136.221802,12.3,263,2024-07-27,10:13:08
35.293648,136.221741,12.0,264,2024-07-27,10:13:09
35.293644,136.221664,11.2,265,2024-07-27,10:13:10
35.293644,136.221603,11.2,268,2024-07-27,10:13:11
35.293648,136.221558,10.9,269,2024-07-27,10:13:12
35.293648,136.221497,11.3,271,2024-07-27,10:13:13
35.293648,136.221420,11.3,271,2024-07-27,10:13:14
35.293652,136.221359,11.6,271,2024-07-27,10:13:15
35.293652,136.221298,12.0,271,2024-07-27,10:13:16
35.293652,136.221222,12.3,270,2024-07-27,10:13:17
35.293648,136.221161,11.9,270,2024-07-27,10:13:18
35.293648,136.221100,11.8,271,2024-07-27,10:13:19
35.293648,136.221024,11.8,269,2024-07-27,10:13:20
35.293648,136.220947,11.7,268,2024-07-27,10:13:21
35.293648,136.220886,12.0,266,2024-07-27,10:13:22
35.293640,136.220825,12.3,265,2024-07-27,10:13:23
35.293636,136.220764,12.3,262,2024-07-27,10:13:24
35.293629,136.220688,12.6,263,2024-07-27,10:13:25
35.293629,136.220627,12.4,266,2024-07-27,10:13:26
35.293625,136.220551,12.7,264,2024-07-27,10:13:27
35.293621,136.220474,13.0,263,2024-07-27,10:13:28
35.293613,136.220398,13.2,262,2024-07-27,10:13:29
35.293606,136.220322,13.2,263,2024-07-27,10:13:30
35.293598,136.220261,13.5,263,2024-07-27,10:13:31
35.293591,136.220169,13.9,262,2024-07-27,10:13:32
35.293583,136.220093,13.9,262,2024-07-27,10:13:33
35.293579,136.220016,13.8,264,2024-07-27,10:13:34
35.293571,136.219940,14.3,262,2024-07-27,10:13:35
35.293560,136.219849,14.3,262,2024-07-27,10:13:36
35.293552,136.219772,14.0,262,2024-07-27,10:13:37
35.293545,136.219696,13.6,263,2024-07-27,10:13:38
35.293541,136.219620,13.1,264,2024-07-27,10:13:39
35.293537,136.219559,12.4,267,2024-07-27,10:13:40
35.293537,136.219482,11.9,268,2024-07-27,10:13:41
35.293537,136.219421,11.6,272,2024-07-27,10:13:42
35.293541,136.219360,11.8,275,2024-07-27,10:13:43
35.293545,136.219284,11.5,276,2024-07-27,10:13:44
35.293552,136.219208,10.8,277,2024-07-27,10:13:45
35.293560,136.219162,10.7,279,2024-07-27,10:13:46
35.293564,136.219101,10.5,281,2024-07-27,10:13:47
35.293571,136.219040,10.5,282,2024-07-27,10:13:48
35.293579,136.218964,10.2,281,2024-07-27,10:13:49
35.293591,136.218903,10.5,281,2024-07-27,10:13:50
35.293602,136.218857,10.7,281,2024-07-27,10:13:51
35.293613,136.218796,10.3,280,2024-07-27,10:13:52
35.293625,136.218735,10.3,280,2024-07-27,10:13:53
35.293636,136.218674,10.4,279,2024-07-27,10:13:54
35.293640,136.218628,10.6,278,2024-07-27,10:13:55
35.293648,136.218567,10.4,277,2024-07-27,10:13:56
35.293659,136.218506,10.5,277,2024-07-27,10:13:57
35.293667,136.218460,10.6,274,2024-07-27,10:13:58
35.293671,136.218399,11.1,272,2024-07-27,10:13:59
35.293671,136.218323,11.5,268,2024-07-27,10:14:00
35.293667,136.218262,12.3,264,2024-07-27,10:14:01
35.293659,136.218201,13.0,263,2024-07-27,10:14:02
35.293659,136.218124,12.5,263,2024-07-27,10:14:03
35.293652,136.218063,12.2,262,2024-07-27,10:14:04
35.293644,136.218002,12.6,261,2024-07-27,10:14:05
35.293640,136.217926,13.0,260,2024-07-27,10:14:06
35.293629,136.217850,13.7,260,2024-07-27,10:14:07
35.293621,136.217773,13.9,260,2024-07-27,10:14:08
35.293610,136.217697,13.7,260,2024-07-27,10:14:09
35.293598,136.217606,13.3,259,2024-07-27,10:14:10
35.293587,136.217529,12.8,259,2024-07-27,10:14:11
35.293571,136.217453,12.6,257,2024-07-27,10:14:12
35.293560,136.217377,13.0,255,2024-07-27,10:14:13
35.293541,136.217316,12.6,254,2024-07-27,10:14:14
35.293526,136.217255,12.3,253,2024-07-27,10:14:15
35.293510,136.217178,12.3,252,2024-07-27,10:14:16
35.293499,136.217117,12.3,254,2024-07-27,10:14:17
35.293480,136.217056,12.9,256,2024-07-27,10:14:18
35.293461,136.216980,13.2,258,2024-07-27,10:14:19
35.293453,136.216888,13.4,258,2024-07-27,10:14:20
35.293442,136.216827,12.7,260,2024-07-27,10:14:21
35.293430,136.216766,12.4,260,2024-07-27,10:14:22
35.293423,136.216705,12.4,261,2024-07-27,10:14:23
35.293411,136.216629,12.6,262,2024-07-27,10:14:24
35.293404,136.216568,12.9,262,2024-07-27,10:14:25
35.293396,136.216492,13.0,260,2024-07-27,10:14:26
35.293385,136.216415,12.6,261,2024-07-27,10:14:27
35.293381,136.216339,12.1,259,2024-07-27,10:14:28
35.293365,136.216263,12.5,258,2024-07-27,10:14:29
35.293362,136.216202,12.2,259,2024-07-27,10:14:30
35.293346,136.216141,12.1,258,2024-07-27,10:14:31
35.293335,136.216080,12.0,259,2024-07-27,10:14:32
35.293320,136.216019,12.1,259,2024-07-27,10:14:33
35.293312,136.215942,12.8,257,2024-07-27,10:14:34
35.293301,136.215866,12.8,257,2024-07-27,10:14:35
35.293285,136.215790,12.8,257,2024-07-27,10:14:36
35.293274,136.215714,12.4,258,2024-07-27,10:14:37
35.293262,136.215652,12.5,257,2024-07-27,10:14:38
35.293247,136.215591,12.5,257,2024-07-27,10:14:39
35.293236,136.215515,12.8,256,2024-07-27,10:14:40
35.293221,136.215454,12.3,256,2024-07-27,10:14:41
35.293209,136.215378,12.6,258,2024-07-27,10:14:42
35.293198,136.215302,12.4,255,2024-07-27,10:14:43
35.293182,136.215240,12.1,256,2024-07-27,10:14:44
35.293167,136.215164,12.0,257,2024-07-27,10:14:45
35.293159,136.215103,10.9,259,2024-07-27,10:14:46
35.293152,136.215057,11.0,261,2024-07-27,10:14:47
35.293144,136.214996,10.5,264,2024-07-27,10:14:48
35.293144,136.214920,10.0,268,2024-07-27,10:14:49
35.293140,136.214874,9.4,267,2024-07-27,10:14:50
35.293140,136.214828,8.7,270,2024-07-27,10:14:51
35.293140,136.214767,8.4,276,2024-07-27,10:14:52
35.293144,136.214737,8.8,274,2024-07-27,10:14:53
35.293152,136.214676,8.5,272,2024-07-27,10:14:54
35.293152,136.214630,8.5,274,2024-07-27,10:14:55
35.293156,136.214584,9.0,274,2024-07-27,10:14:56
35.293156,136.214539,9.3,271,2024-07-27,10:14:57
35.293152,136.214478,9.6,267,2024-07-27,10:14:58
35.293148,136.214432,9.4,265,2024-07-27,10:14:59
35.293144,136.214371,9.4,264,2024-07-27,10:15:00
35.293137,136.214310,9.7,261,2024-07-27,10:15:01
35.293129,136.214264,9.2,259,2024-07-27,10:15:02
35.293121,136.214218,9.4,255,2024-07-27,10:15:03
35.293110,136.214172,9.5,254,2024-07-27,10:15:04
35.293098,136.214111,9.1,254,2024-07-27,10:15:05
35.293083,136.214066,9.6,252,2024-07-27,10:15:06
35.293072,136.214005,9.9,249,2024-07-27,10:15:07
35.293056,136.213959,10.1,247,2024-07-27,10:15:08
35.293034,136.213898,10.1,246,2024-07-27,10:15:09
35.293011,136.213852,10.1,246,2024-07-27,10:15:10
35.292999,136.213791,9.4,254,2024-07-27,10:15:11
35.292988,136.213745,9.4,260,2024-07-27,10:15:12
35.292980,136.213699,9.4,264,2024-07-27,10:15:13
35.292973,136.213638,9.7,265,2024-07-27,10:15:14
35.292965,136.213577,9.2,270,2024-07-27,10:15:15
35.292965,136.213531,9.0,266,2024-07-27,10:15:16
35.292965,136.213486,9.9,269,2024-07-27,10:15:17
35.292965,136.213409,10.4,276,2024-07-27,10:15:18
35.292973,136.213364,10.4,275,2024-07-27,10:15:19
35.292980,136.213303,9.9,276,2024-07-27,10:15:20
35.292984,136.213242,10.4,278,2024-07-27,10:15:21
35.292995,136.213165,10.4,284,2024-07-27,10:15:22
35.293011,136.213120,10.2,291,2024-07-27,10:15:23
35.293034,136.213074,9.9,298,2024-07-27,10:15:24
35.293060,136.213013,9.8,306,2024-07-27,10:15:25
35.293087,136.212982,10.3,310,2024-07-27,10:15:26
35.293121,136.212921,11.3,316,2024-07-27,10:15:27
35.293163,136.212891,12.2,326,2024-07-27,10:15:28
35.293217,136.212860,12.1,334,2024-07-27,10:15:29
35.293278,136.212845,13.1,344,2024-07-27,10:15:30
35.293343,136.212830,13.7,348,2024-07-27,10:15:31
35.293407,136.212814,14.1,347,2024-07-27,10:15:32
35.293476,136.212784,14.2,345,2024-07-27,10:15:33
35.293541,136.212769,13.8,344,2024-07-27,10:15:34
35.293606,136.212738,13.3,341,2024-07-27,10:15:35
35.293667,136.212708,13.3,334,2024-07-27,10:15:36
35.293720,136.212677,13.8,328,2024-07-27,10:15:37
35.293777,136.212631,13.5,321,2024-07-27,10:15:38
35.293827,136.212570,13.7,317,2024-07-27,10:15:39
35.293877,136.212524,13.8,317,2024-07-27,10:15:40
35.293922,136.212463,14.1,317,2024-07-27,10:15:41
35.293976,136.212418,14.1,320,2024-07-27,10:15:42
35.294029,136.212372,14.1,323,2024-07-27,10:15:43
35.294083,136.212311,14.2,327,2024-07-27,10:15:44
35.294140,136.212280,13.4,330,2024-07-27,10:15:45
35.294197,136.212234,12.6,333,2024-07-27,10:15:46
35.294243,136.212204,11.5,335,2024-07-27,10:15:47
35.294292,136.212189,10.7,339,2024-07-27,10:15:48
35.294338,136.212173,9.9,341,2024-07-27,10:15:49
35.294380,136.212143,9.7,344,2024-07-27,10:15:50
35.294422,136.212128,9.9,347,2024-07-27,10:15:51
35.294468,136.212128,9.6,350,2024-07-27,10:15:52
35.294514,136.212128,9.2,355,2024-07-27,10:15:53
35.294556,136.212128,9.1,1,2024-07-27,10:15:54
35.294598,136.212128,8.7,1,2024-07-27,10:15:55
35.294643,136.212128,9.1,357,2024-07-27,10:15:56
35.294685,136.212128,9.8,356,2024-07-27,10:15:57
35.294735,136.212128,10.1,356,2024-07-27,10:15:58
35.294785,136.212112,9.5,354,2024-07-27,10:15:59
35.294827,136.212112,8.8,355,2024-07-27,10:16:00
35.294868,136.212097,8.0,356,2024-07-27,10:16:01
35.294899,136.212097,6.0,357,2024-07-27,10:16:02
35.294922,136.212097,4.5,355,2024-07-27,10:16:03
35.294941,136.212097,4.5,354,2024-07-27,10:16:04
35.294956,136.212097,5.0,3,2024-07-27,10:16:05
35.294983,136.212112,6.6,2,2024-07-27,10:16:06
35.295010,136.212112,6.8,13,2024-07-27,10:16:07
35.295044,136.212128,7.0,18,2024-07-27,10:16:08
35.295071,136.212128,6.9,19,2024-07-27,10:16:09
35.295105,136.212143,6.5,18,2024-07-27,10:16:10
35.295135,136.212158,7.4,18,2024-07-27,10:16:11
35.295170,136.212173,8.9,20,2024-07-27,10:16:12
35.295208,136.212204,9.4,22,2024-07-27,10:16:13
35.295258,136.212204,10.5,19,2024-07-27,10:16:14
35.295307,136.212234,10.7,14,2024-07-27,10:16:15
35.295357,136.212250,11.5,11,2024-07-27,10:16:16
35.295410,136.212265,11.9,8,2024-07-27,10:16:17
35.295467,136.212265,10.9,4,2024-07-27,10:16:18
35.295513,136.212280,10.3,0,2024-07-27,10:16:19
35.295563,136.212280,9.8,359,2024-07-27,10:16:20
35.295605,136.212265,10.0,358,2024-07-27,10:16:21
35.295658,136.212265,10.8,357,2024-07-27,10:16:22
35.295708,136.212265,12.1,358,2024-07-27,10:16:23
35.295765,136.212265,11.9,1,2024-07-27,10:16:24
35.295818,136.212265,11.3,1,2024-07-27,10:16:25
35.295868,136.212265,10.8,1,2024-07-27,10:16:26
35.295921,136.212265,10.3,2,2024-07-27,10:16:27
35.295959,136.212250,8.9,359,2024-07-27,10:16:28
35.295994,136.212250,7.9,2,2024-07-27,10:16:29
35.296028,136.212265,7.9,2,2024-07-27,10:16:30
35.296066,136.212265,8.4,5,2024-07-27,10:16:31
35.296108,136.212265,9.0,9,2024-07-27,10:16:32
35.296150,136.212280,10.1,11,2024-07-27,10:16:33
35.296196,136.212296,9.6,13,2024-07-27,10:16:34
35.296238,136.212296,8.7,12,2024-07-27,10:16:35
35.296276,136.212311,8.8,14,2024-07-27,10:16:36
35.296314,136.212326,9.1,15,2024-07-27,10:16:37
35.296352,136.212341,9.0,15,2024-07-27,10:16:38
35.296379,136.212372,8.0,17,2024-07-27,10:16:39
35.296421,136.212372,8.5,18,2024-07-27,10:16:40
35.296459,136.212372,9.2,20,2024-07-27,10:16:41
35.296501,136.212402,9.8,25,2024-07-27,10:16:42
35.296543,136.212433,10.5,26,2024-07-27,10:16:43
35.296597,136.212448,10.9,22,2024-07-27,10:16:44
35.296642,136.212479,11.2,17,2024-07-27,10:16:45
35.296700,136.212494,11.5,10,2024-07-27,10:16:46
35.296749,136.212509,11.0,3,2024-07-27,10:16:47
35.296799,136.212509,10.6,356,2024-07-27,10:16:48
35.296852,136.212494,10.7,349,2024-07-27,10:16:49
35.296898,136.212479,10.6,346,2024-07-27,10:16:50
35.296947,136.212463,11.1,347,2024-07-27,10:16:51
35.296997,136.212448,11.6,345,2024-07-27,10:16:52
35.297050,136.212433,11.1,345,2024-07-27,10:16:53
35.297096,136.212418,11.4,343,2024-07-27,10:16:54
35.297142,136.212387,10.5,339,2024-07-27,10:16:55
35.297184,136.212372,10.0,340,2024-07-27,10:16:56
35.297226,136.212357,10.4,338,2024-07-27,10:16:57
35.297272,136.212341,10.6,340,2024-07-27,10:16:58
35.297318,136.212311,11.3,339,2024-07-27,10:16:59
35.297371,136.212296,10.9,341,2024-07-27,10:17:00
35.297421,136.212265,10.7,340,2024-07-27,10:17:01
35.297466,136.212250,10.1,341,2024-07-27,10:17:02
35.297508,136.212219,9.7,338,2024-07-27,10:17:03
35.297550,136.212204,9.7,337,2024-07-27,10:17:04
35.297596,136.212189,10.0,340,2024-07-27,10:17:05
35.297642,136.212158,9.5,337,2024-07-27,10:17:06
35.297684,136.212143,8.9,339,2024-07-27,10:17:07
35.297726,136.212128,8.5,341,2024-07-27,10:17:08
35.297760,136.212112,8.1,341,2024-07-27,10:17:09
35.297794,136.212097,7.7,341,2024-07-27,10:17:10
35.297829,136.212082,7.4,342,2024-07-27,10:17:11
35.297859,136.212067,7.2,343,2024-07-27,10:17:12
35.297890,136.212051,7.2,344,2024-07-27,10:17:13
35.297924,136.212051,7.4,347,2024-07-27,10:17:14
35.297958,136.212051,8.2,349,2024-07-27,10:17:15
35.298000,136.212036,8.2,351,2024-07-27,10:17:16
35.298038,136.212021,8.3,354,2024-07-27,10:17:17
35.298077,136.212021,8.5,353,2024-07-27,10:17:18
35.298115,136.212006,8.9,352,2024-07-27,10:17:19
35.298157,136.211990,9.2,351,2024-07-27,10:17:20
35.298203,136.211975,9.4,350,2024-07-27,10:17:21
35.298244,136.211975,9.6,349,2024-07-27,10:17:22
35.298286,136.211975,10.0,348,2024-07-27,10:17:23
35.298332,136.211960,10.1,345,2024-07-27,10:17:24
35.298378,136.211929,10.1,345,2024-07-27,10:17:25
35.298424,136.211914,9.6,344,2024-07-27,10:17:26
35.298466,136.211899,9.5,342,2024-07-27,10:17:27
35.298508,136.211899,9.5,340,2024-07-27,10:17:28
35.298546,136.211868,8.9,340,2024-07-27,10:17:29
35.298588,136.211853,9.2,341,2024-07-27,10:17:30
35.298626,136.211823,8.9,343,2024-07-27,10:17:31
35.298664,136.211807,8.6,345,2024-07-27,10:17:32
35.298702,136.211807,8.6,347,2024-07-27,10:17:33
35.298740,136.211807,8.4,348,2024-07-27,10:17:34
35.298771,136.211792,8.1,349,2024-07-27,10:17:35
35.298805,136.211792,7.9,350,2024-07-27,10:17:36
35.298843,136.211777,7.8,352,2024-07-27,10:17:37
35.298878,136.211777,7.5,353,2024-07-27,10:17:38
35.298912,136.211777,6.3,355,2024-07-27,10:17:39
35.298943,136.211761,6.2,356,2024-07-27,10:17:40
35.298977,136.211761,7.1,3,2024-07-27,10:17:41
35.299007,136.211777,8.0,9,2024-07-27,10:17:42
35.299046,136.211792,8.3,16,2024-07-27,10:17:43
35.299080,136.211807,7.8,17,2024-07-27,10:17:44
35.299118,136.211807,8.2,18,2024-07-27,10:17:45
35.299152,136.211823,8.0,19,2024-07-27,10:17:46
35.299183,136.211838,7.4,24,2024-07-27,10:17:47
35.299210,136.211868,7.2,30,2024-07-27,10:17:48
35.299244,136.211899,8.6,31,2024-07-27,10:17:49
35.299294,136.211914,9.3,31,2024-07-27,10:17:50
35.299305,136.211960,8.9,35,2024-07-27,10:17:51
35.299316,136.211975,8.6,33,2024-07-27,10:17:52
35.299347,136.211990,7.6,29,2024-07-27,10:17:53
35.299385,136.212006,7.1,17,2024-07-27,10:17:54
35.299423,136.212021,6.2,2,2024-07-27,10:17:55
35.299446,136.212006,5.4,345,2024-07-27,10:17:56
35.299469,136.211990,5.0,319,2024-07-27,10:17:57
35.299492,136.211975,5.7,297,2024-07-27,10:17:58
35.299496,136.211945,5.4,281,2024-07-27,10:17:59
35.299492,136.211899,5.6,259,2024-07-27,10:18:00
35.299492,136.211884,4.9,252,2024-07-27,10:18:01
35.299480,136.211853,4.3,243,2024-07-27,10:18:02
35.299473,136.211823,4.4,253,2024-07-27,10:18:03
35.299465,136.211792,4.4,254,2024-07-27,10:18:04
35.299458,136.211761,4.1,261,2024-07-27,10:18:05
35.299454,136.211731,3.2,262,2024-07-27,10:18:06
35.299450,136.211731,3.0,272,2024-07-27,10:18:07
35.299442,136.211716,2.8,272,2024-07-27,10:18:08
35.299442,136.211700,2.4,272,2024-07-27,10:18:09
35.299446,136.211700,1.9,272,2024-07-27,10:18:10
35.299442,136.211685,1.6,272,2024-07-27,10:18:11
35.299442,136.211670,1.1,272,2024-07-27,10:18:12
35.299442,136.211670,1.0,272,2024-07-27,10:18:13
35.299442,136.211655,1.1,272,2024-07-27,10:18:14
35.299442,136.211655,1.0,272,2024-07-27,10:18:15
35.299442,136.211655,0.9,272,2024-07-27,10:18:16
35.299438,136.211655,0.9,272,2024-07-27,10:18:17
35.299438,136.211655,1.0,272,2024-07-27,10:18:18
35.299438,136.211655,0.8,272,2024-07-27,10:18:19
35.299438,136.211655,0.7,272,2024-07-27,10:18:20
35.299438,136.211655,0.7,272,2024-07-27,10:18:21
35.299438,136.211639,0.8,272,2024-07-27,10:18:22
35.299438,136.211639,0.7,272,2024-07-27,10:18:23
35.299435,136.211639,0.7,272,2024-07-27,10:18:24
35.299435,136.211639,0.5,272,2024-07-27,10:18:25
35.299435,136.211624,0.3,272,2024-07-27,10:18:26
35.299435,136.211624,0.4,272,2024-07-27,10:18:27
35.299435,136.211624,0.3,272,2024-07-27,10:18:28
35.299435,136.211624,0.6,272,2024-07-27,10:18:29
35.299431,136.211624,0.6,272,2024-07-27,10:18:30
35.299431,136.211624,0.4,272,2024-07-27,10:18:31
35.299431,136.211624,0.4,272,2024-07-27,10:18:32
35.299431,136.211624,0.3,272,2024-07-27,10:18:33
35.299431,136.211624,0.5,272,2024-07-27,10:18:34
35.299431,136.211609,0.3,272,2024-07-27,10:18:35
35.299431,136.211609,0.2,272,2024-07-27,10:18:36
35.299431,136.211609,0.1,272,2024-07-27,10:18:37
35.299431,136.211609,0.3,272,2024-07-27,10:18:38
35.299427,136.211609,0.4,272,2024-07-27,10:18:39
35.299427,136.211609,0.9,272,2024-07-27,10:18:40
